timestamp,value
2014-04-01 00:00:00,18.324918539200002
2014-04-01 00:05:00,21.970327182
2014-04-01 00:10:00,18.6248060317
2014-04-01 00:15:00,21.953683975900002
2014-04-01 00:20:00,21.909119730300002
2014-04-01 00:25:00,21.1752724156
2014-04-01 00:30:00,20.637691848299998
2014-04-01 00:35:00,20.311228201
2014-04-01 00:40:00,21.4644061815
2014-04-01 00:45:00,19.1577580865
2014-04-01 00:50:00,19.8707248499
2014-04-01 00:55:00,20.4775598775
2014-04-01 01:00:00,19.644761903499997
2014-04-01 01:05:00,19.7099458164
2014-04-01 01:10:00,19.32113867
2014-04-01 01:15:00,20.2569272667
2014-04-01 01:20:00,21.4022981121
2014-04-01 01:25:00,18.806113512
2014-04-01 01:30:00,21.737732155
2014-04-01 01:35:00,20.756350615
2014-04-01 01:40:00,21.2930928507
2014-04-01 01:45:00,20.2247627705
2014-04-01 01:50:00,21.1180668057
2014-04-01 01:55:00,18.064801589400002
2014-04-01 02:00:00,21.2735216991
2014-04-01 02:05:00,18.1605554363
2014-04-01 02:10:00,21.559653505500002
2014-04-01 02:15:00,21.967850989000002
2014-04-01 02:20:00,19.1762698487
2014-04-01 02:25:00,18.8412742251
2014-04-01 02:30:00,21.0614534554
2014-04-01 02:35:00,19.012105363699998
2014-04-01 02:40:00,21.4622495327
2014-04-01 02:45:00,18.4113703686
2014-04-01 02:50:00,18.5038207855
2014-04-01 02:55:00,21.9166062204
2014-04-01 03:00:00,20.6953555931
2014-04-01 03:05:00,21.3875488977
2014-04-01 03:10:00,19.2973175094
2014-04-01 03:15:00,20.7059349981
2014-04-01 03:20:00,20.3769673092
2014-04-01 03:25:00,20.4126004805
2014-04-01 03:30:00,20.7301298382
2014-04-01 03:35:00,20.3014366925
2014-04-01 03:40:00,19.7162494772
2014-04-01 03:45:00,19.1036907775
2014-04-01 03:50:00,21.0743253237
2014-04-01 03:55:00,18.90508972
2014-04-01 04:00:00,20.7694172246
2014-04-01 04:05:00,18.933331290599998
2014-04-01 04:10:00,20.5013206798
2014-04-01 04:15:00,20.9883130685
2014-04-01 04:20:00,18.8748555556
2014-04-01 04:25:00,18.2397732034
2014-04-01 04:30:00,18.523894972
2014-04-01 04:35:00,20.4239878691
2014-04-01 04:40:00,21.3977856249
2014-04-01 04:45:00,18.1799872849
2014-04-01 04:50:00,20.9366050362
2014-04-01 04:55:00,19.3652745838
2014-04-01 05:00:00,19.9141134797
2014-04-01 05:05:00,21.7154381994
2014-04-01 05:10:00,19.327886018900003
2014-04-01 05:15:00,19.8613477358
2014-04-01 05:20:00,18.054729659
2014-04-01 05:25:00,18.32639488
2014-04-01 05:30:00,19.034366364500002
2014-04-01 05:35:00,18.1114089633
2014-04-01 05:40:00,20.525501304200002
2014-04-01 05:45:00,19.7055934272
2014-04-01 05:50:00,20.1925808109
2014-04-01 05:55:00,18.6985887436
2014-04-01 06:00:00,19.1837281177
2014-04-01 06:05:00,20.6552978994
2014-04-01 06:10:00,21.861210894499997
2014-04-01 06:15:00,18.2016670944
2014-04-01 06:20:00,21.5615372834
2014-04-01 06:25:00,20.3075248052
2014-04-01 06:30:00,20.255678267
2014-04-01 06:35:00,20.0011141408
2014-04-01 06:40:00,18.2775763436
2014-04-01 06:45:00,18.3595074069
2014-04-01 06:50:00,20.4036480226
2014-04-01 06:55:00,19.363834285699998
2014-04-01 07:00:00,21.669072266300002
2014-04-01 07:05:00,19.626362149400002
2014-04-01 07:10:00,18.5731258348
2014-04-01 07:15:00,20.858875334
2014-04-01 07:20:00,19.1734136858
2014-04-01 07:25:00,20.1018812294
2014-04-01 07:30:00,20.791331142
2014-04-01 07:35:00,21.6010564448
2014-04-01 07:40:00,21.1687647792
2014-04-01 07:45:00,20.7054442715
2014-04-01 07:50:00,20.7185327296
2014-04-01 07:55:00,21.7836985761
2014-04-01 08:00:00,19.18329639
2014-04-01 08:05:00,18.0044483768
2014-04-01 08:10:00,19.0878182376
2014-04-01 08:15:00,18.8715655185
2014-04-01 08:20:00,20.6473383405
2014-04-01 08:25:00,20.5348463991
2014-04-01 08:30:00,20.3738455308
2014-04-01 08:35:00,18.0649737728
2014-04-01 08:40:00,20.9151122178
2014-04-01 08:45:00,19.2941216499
2014-04-01 08:50:00,20.660223956
2014-04-01 08:55:00,20.226313714
2014-04-01 09:00:00,65.8611405858
2014-04-01 09:05:00,63.0302372326
2014-04-01 09:10:00,62.484097008199996
2014-04-01 09:15:00,72.5086493303
2014-04-01 09:20:00,73.6902065723
2014-04-01 09:25:00,70.037117436
2014-04-01 09:30:00,62.6067039621
2014-04-01 09:35:00,66.6675701497
2014-04-01 09:40:00,71.11357312140001
2014-04-01 09:45:00,71.8055640225
2014-04-01 09:50:00,62.8077732632
2014-04-01 09:55:00,61.2004177763
2014-04-01 10:00:00,80.8923669521
2014-04-01 10:05:00,75.3743726513
2014-04-01 10:10:00,73.7895502667
2014-04-01 10:15:00,70.0401687311
2014-04-01 10:20:00,78.2254467929
2014-04-01 10:25:00,83.04985941380002
2014-04-01 10:30:00,84.70244315020001
2014-04-01 10:35:00,78.62036163350001
2014-04-01 10:40:00,77.8244398065
2014-04-01 10:45:00,71.1600751028
2014-04-01 10:50:00,78.3585058799
2014-04-01 10:55:00,75.7372753055
2014-04-01 11:00:00,81.2238795072
2014-04-01 11:05:00,77.7503038366
2014-04-01 11:10:00,75.3897172594
2014-04-01 11:15:00,73.0783277372
2014-04-01 11:20:00,76.5764629427
2014-04-01 11:25:00,73.1050394445
2014-04-01 11:30:00,74.3813691059
2014-04-01 11:35:00,87.270594266
2014-04-01 11:40:00,78.631022969
2014-04-01 11:45:00,80.02688857449999
2014-04-01 11:50:00,85.462029081
2014-04-01 11:55:00,87.4015277934
2014-04-01 12:00:00,81.2258430721
2014-04-01 12:05:00,84.8975816393
2014-04-01 12:10:00,77.1383791217
2014-04-01 12:15:00,76.7996330352
2014-04-01 12:20:00,78.3491276245
2014-04-01 12:25:00,82.6608040633
2014-04-01 12:30:00,82.8155689476
2014-04-01 12:35:00,76.9513783572
2014-04-01 12:40:00,74.0424011556
2014-04-01 12:45:00,82.0197980953
2014-04-01 12:50:00,73.9643499385
2014-04-01 12:55:00,81.15837307550001
2014-04-01 13:00:00,83.0748113079
2014-04-01 13:05:00,83.1898135942
2014-04-01 13:10:00,84.0353804376
2014-04-01 13:15:00,85.9451189649
2014-04-01 13:20:00,79.9801440289
2014-04-01 13:25:00,83.6639028756
2014-04-01 13:30:00,81.8871061425
2014-04-01 13:35:00,74.96824233939999
2014-04-01 13:40:00,72.3936556697
2014-04-01 13:45:00,76.5342895319
2014-04-01 13:50:00,79.069558052
2014-04-01 13:55:00,81.85404542399999
2014-04-01 14:00:00,85.5952405193
2014-04-01 14:05:00,75.13632475060001
2014-04-01 14:10:00,74.0052442161
2014-04-01 14:15:00,87.411483207
2014-04-01 14:20:00,73.7251739718
2014-04-01 14:25:00,79.65203364060001
2014-04-01 14:30:00,81.36511394770001
2014-04-01 14:35:00,80.65811895899999
2014-04-01 14:40:00,73.3729924398
2014-04-01 14:45:00,72.9089308274
2014-04-01 14:50:00,73.68419782810001
2014-04-01 14:55:00,81.3654972106
2014-04-01 15:00:00,80.7087433908
2014-04-01 15:05:00,75.73912557
2014-04-01 15:10:00,82.2035971074
2014-04-01 15:15:00,85.1202628705
2014-04-01 15:20:00,72.664565771
2014-04-01 15:25:00,79.969311384
2014-04-01 15:30:00,83.0281695156
2014-04-01 15:35:00,76.03626087800001
2014-04-01 15:40:00,76.9235960111
2014-04-01 15:45:00,81.817420993
2014-04-01 15:50:00,86.3661355722
2014-04-01 15:55:00,84.9579751205
2014-04-01 16:00:00,81.32992735180001
2014-04-01 16:05:00,83.6833868117
2014-04-01 16:10:00,77.837010076
2014-04-01 16:15:00,82.2552905191
2014-04-01 16:20:00,79.4587528969
2014-04-01 16:25:00,75.0388341085
2014-04-01 16:30:00,83.2276525846
2014-04-01 16:35:00,80.903278863
2014-04-01 16:40:00,77.7377960544
2014-04-01 16:45:00,86.5812608049
2014-04-01 16:50:00,72.3348070021
2014-04-01 16:55:00,77.0522224794
2014-04-01 17:00:00,72.91007436699999
2014-04-01 17:05:00,84.264404702
2014-04-01 17:10:00,83.2336873041
2014-04-01 17:15:00,77.301605816
2014-04-01 17:20:00,82.810574636
2014-04-01 17:25:00,78.3349655385
2014-04-01 17:30:00,84.1000283683
2014-04-01 17:35:00,79.2669081653
2014-04-01 17:40:00,78.5964454643
2014-04-01 17:45:00,86.9556452568
2014-04-01 17:50:00,76.0140364089
2014-04-01 17:55:00,73.9271290519
2014-04-01 18:00:00,32.541069676999996
2014-04-01 18:05:00,35.0036528779
2014-04-01 18:10:00,31.218164974
2014-04-01 18:15:00,29.1970296814
2014-04-01 18:20:00,30.9715477642
2014-04-01 18:25:00,32.0379564364
2014-04-01 18:30:00,29.836301513899997
2014-04-01 18:35:00,33.0118478573
2014-04-01 18:40:00,35.185589334
2014-04-01 18:45:00,31.691126561599997
2014-04-01 18:50:00,31.070256797600003
2014-04-01 18:55:00,31.3645006458
2014-04-01 19:00:00,20.675853745
2014-04-01 19:05:00,24.117064411399998
2014-04-01 19:10:00,22.018417728899998
2014-04-01 19:15:00,21.8949881621
2014-04-01 19:20:00,23.1154111547
2014-04-01 19:25:00,22.140308511199997
2014-04-01 19:30:00,23.064084675
2014-04-01 19:35:00,20.4352782588
2014-04-01 19:40:00,23.805479274
2014-04-01 19:45:00,24.3734563718
2014-04-01 19:50:00,23.0664676646
2014-04-01 19:55:00,24.4364540208
2014-04-01 20:00:00,19.052266531
2014-04-01 20:05:00,20.3874964675
2014-04-01 20:10:00,20.8970001315
2014-04-01 20:15:00,20.8147930581
2014-04-01 20:20:00,20.0763872062
2014-04-01 20:25:00,19.816793503
2014-04-01 20:30:00,18.9514709689
2014-04-01 20:35:00,20.0365768371
2014-04-01 20:40:00,19.0982584695
2014-04-01 20:45:00,21.4399615536
2014-04-01 20:50:00,19.2873712803
2014-04-01 20:55:00,18.671883266400002
2014-04-01 21:00:00,20.306469931400002
2014-04-01 21:05:00,20.4787472917
2014-04-01 21:10:00,21.5907929231
2014-04-01 21:15:00,20.4054044467
2014-04-01 21:20:00,19.4749565997
2014-04-01 21:25:00,21.3138653021
2014-04-01 21:30:00,20.257888878
2014-04-01 21:35:00,18.405043275
2014-04-01 21:40:00,20.3606665222
2014-04-01 21:45:00,21.735908084600002
2014-04-01 21:50:00,19.6792596563
2014-04-01 21:55:00,19.2773926158
2014-04-01 22:00:00,18.5917087417
2014-04-01 22:05:00,18.6236436294
2014-04-01 22:10:00,19.7500277702
2014-04-01 22:15:00,20.4022866972
2014-04-01 22:20:00,18.3400511748
2014-04-01 22:25:00,21.779162288800002
2014-04-01 22:30:00,21.0407141725
2014-04-01 22:35:00,20.366028299
2014-04-01 22:40:00,21.3342158778
2014-04-01 22:45:00,18.3383349354
2014-04-01 22:50:00,19.9264665624
2014-04-01 22:55:00,20.540072055
2014-04-01 23:00:00,21.3187040278
2014-04-01 23:05:00,21.1379359427
2014-04-01 23:10:00,19.1119457862
2014-04-01 23:15:00,21.7676992721
2014-04-01 23:20:00,18.5009348615
2014-04-01 23:25:00,21.504662575
2014-04-01 23:30:00,21.8879626784
2014-04-01 23:35:00,18.712206145
2014-04-01 23:40:00,20.8922748015
2014-04-01 23:45:00,18.1646290126
2014-04-01 23:50:00,19.6254586634
2014-04-01 23:55:00,20.0689857004
2014-04-02 00:00:00,20.3225809036
2014-04-02 00:05:00,21.743748993
2014-04-02 00:10:00,20.6890027492
2014-04-02 00:15:00,19.9251118049
2014-04-02 00:20:00,21.2387001451
2014-04-02 00:25:00,21.8021312838
2014-04-02 00:30:00,18.0882645947
2014-04-02 00:35:00,21.930085089000002
2014-04-02 00:40:00,18.344528556300002
2014-04-02 00:45:00,21.2575471171
2014-04-02 00:50:00,19.1213390102
2014-04-02 00:55:00,18.528718631
2014-04-02 01:00:00,19.759422558900003
2014-04-02 01:05:00,20.5758263178
2014-04-02 01:10:00,19.5238073801
2014-04-02 01:15:00,18.2182616331
2014-04-02 01:20:00,20.3978445586
2014-04-02 01:25:00,21.6096131044
2014-04-02 01:30:00,19.5328614638
2014-04-02 01:35:00,18.865331110499998
2014-04-02 01:40:00,19.7703093837
2014-04-02 01:45:00,18.1934508442
2014-04-02 01:50:00,21.2819503379
2014-04-02 01:55:00,21.305363243800002
2014-04-02 02:00:00,20.3520018537
2014-04-02 02:05:00,19.4124115558
2014-04-02 02:10:00,21.1991334578
2014-04-02 02:15:00,20.2187480992
2014-04-02 02:20:00,21.303729234200002
2014-04-02 02:25:00,20.5258351703
2014-04-02 02:30:00,21.1376218929
2014-04-02 02:35:00,20.3942519729
2014-04-02 02:40:00,19.6565642729
2014-04-02 02:45:00,21.831783439699997
2014-04-02 02:50:00,20.164455299500002
2014-04-02 02:55:00,20.4203580742
2014-04-02 03:00:00,18.8819505577
2014-04-02 03:05:00,20.5026031577
2014-04-02 03:10:00,20.2864305979
2014-04-02 03:15:00,18.7393535918
2014-04-02 03:20:00,18.238348389400002
2014-04-02 03:25:00,20.4174372789
2014-04-02 03:30:00,21.0547690774
2014-04-02 03:35:00,20.0936054837
2014-04-02 03:40:00,18.9070905013
2014-04-02 03:45:00,20.6660879068
2014-04-02 03:50:00,18.3204229064
2014-04-02 03:55:00,19.767334819200002
2014-04-02 04:00:00,18.6534670336
2014-04-02 04:05:00,18.7378362042
2014-04-02 04:10:00,18.8091757966
2014-04-02 04:15:00,19.5468282282
2014-04-02 04:20:00,18.2046008225
2014-04-02 04:25:00,19.5911737637
2014-04-02 04:30:00,20.0468297885
2014-04-02 04:35:00,19.9331771399
2014-04-02 04:40:00,19.5311364016
2014-04-02 04:45:00,21.3565864323
2014-04-02 04:50:00,18.5813067697
2014-04-02 04:55:00,20.0227869751
2014-04-02 05:00:00,18.2481656678
2014-04-02 05:05:00,18.2846227155
2014-04-02 05:10:00,20.295463398699997
2014-04-02 05:15:00,20.2640736996
2014-04-02 05:20:00,21.5121340514
2014-04-02 05:25:00,20.2314947026
2014-04-02 05:30:00,21.8391640816
2014-04-02 05:35:00,18.194779393599998
2014-04-02 05:40:00,18.3920307391
2014-04-02 05:45:00,18.176263446300002
2014-04-02 05:50:00,18.741107401300003
2014-04-02 05:55:00,20.1650804438
2014-04-02 06:00:00,20.5822887257
2014-04-02 06:05:00,18.1823406318
2014-04-02 06:10:00,21.7838835594
2014-04-02 06:15:00,21.368661506600002
2014-04-02 06:20:00,19.1864499286
2014-04-02 06:25:00,18.308750120899997
2014-04-02 06:30:00,18.679548292899998
2014-04-02 06:35:00,18.507777655
2014-04-02 06:40:00,18.4931351172
2014-04-02 06:45:00,20.0742467547
2014-04-02 06:50:00,18.98338977
2014-04-02 06:55:00,19.4325588661
2014-04-02 07:00:00,21.9580213335
2014-04-02 07:05:00,20.7372569957
2014-04-02 07:10:00,21.795922668200003
2014-04-02 07:15:00,18.5702262201
2014-04-02 07:20:00,19.5285578993
2014-04-02 07:25:00,20.2189272131
2014-04-02 07:30:00,18.3070322476
2014-04-02 07:35:00,18.0167497745
2014-04-02 07:40:00,20.6817373352
2014-04-02 07:45:00,20.5672780672
2014-04-02 07:50:00,19.64315524
2014-04-02 07:55:00,19.9585763041
2014-04-02 08:00:00,19.6617720024
2014-04-02 08:05:00,18.0960201794
2014-04-02 08:10:00,19.3414864249
2014-04-02 08:15:00,18.7083290216
2014-04-02 08:20:00,18.3936967564
2014-04-02 08:25:00,21.8268817356
2014-04-02 08:30:00,20.3974389002
2014-04-02 08:35:00,20.9146251369
2014-04-02 08:40:00,19.2614549731
2014-04-02 08:45:00,19.572588518
2014-04-02 08:50:00,18.9476959756
2014-04-02 08:55:00,18.3878626839
2014-04-02 09:00:00,63.6348302692
2014-04-02 09:05:00,72.04619101600001
2014-04-02 09:10:00,70.4146229505
2014-04-02 09:15:00,68.6382327134
2014-04-02 09:20:00,67.661222271
2014-04-02 09:25:00,73.7451062577
2014-04-02 09:30:00,62.1891952898
2014-04-02 09:35:00,65.01617106
2014-04-02 09:40:00,65.95915480859999
2014-04-02 09:45:00,71.8409910461
2014-04-02 09:50:00,74.6981988342
2014-04-02 09:55:00,64.4731190007
2014-04-02 10:00:00,83.4092498258
2014-04-02 10:05:00,82.73126524189999
2014-04-02 10:10:00,73.3266828114
2014-04-02 10:15:00,76.0376416447
2014-04-02 10:20:00,76.19812293140001
2014-04-02 10:25:00,85.0219847755
2014-04-02 10:30:00,72.64744230939999
2014-04-02 10:35:00,82.24293171149999
2014-04-02 10:40:00,75.026670924
2014-04-02 10:45:00,81.1831077664
2014-04-02 10:50:00,76.3585707867
2014-04-02 10:55:00,78.81614352359999
2014-04-02 11:00:00,84.809857643
2014-04-02 11:05:00,84.3574491455
2014-04-02 11:10:00,85.34759431100001
2014-04-02 11:15:00,72.5161539423
2014-04-02 11:20:00,82.5743719955
2014-04-02 11:25:00,73.7943592394
2014-04-02 11:30:00,78.1811785058
2014-04-02 11:35:00,80.292750153
2014-04-02 11:40:00,77.9731687654
2014-04-02 11:45:00,79.831904092
2014-04-02 11:50:00,87.4167544151
2014-04-02 11:55:00,73.7184961573
2014-04-02 12:00:00,82.7079279693
2014-04-02 12:05:00,78.2420122436
2014-04-02 12:10:00,74.0392029944
2014-04-02 12:15:00,74.45034046810001
2014-04-02 12:20:00,87.08374365629999
2014-04-02 12:25:00,85.9703355987
2014-04-02 12:30:00,86.408856161
2014-04-02 12:35:00,87.75908698389999
2014-04-02 12:40:00,75.2426465846
2014-04-02 12:45:00,77.5938049625
2014-04-02 12:50:00,82.6082554734
2014-04-02 12:55:00,79.645151629
2014-04-02 13:00:00,78.6753459182
2014-04-02 13:05:00,77.7063259942
2014-04-02 13:10:00,81.4809299935
2014-04-02 13:15:00,81.1900045795
2014-04-02 13:20:00,74.5654253469
2014-04-02 13:25:00,79.52874591930001
2014-04-02 13:30:00,80.83614308770001
2014-04-02 13:35:00,81.1051211179
2014-04-02 13:40:00,75.343628275
2014-04-02 13:45:00,83.8562119539
2014-04-02 13:50:00,72.3858087526
2014-04-02 13:55:00,77.65866713439999
2014-04-02 14:00:00,84.4793471733
2014-04-02 14:05:00,81.0183976671
2014-04-02 14:10:00,76.17494234739999
2014-04-02 14:15:00,83.1152601855
2014-04-02 14:20:00,81.0743633503
2014-04-02 14:25:00,84.7358302362
2014-04-02 14:30:00,83.75638247970001
2014-04-02 14:35:00,81.7578021897
2014-04-02 14:40:00,79.8070118845
2014-04-02 14:45:00,74.1273557268
2014-04-02 14:50:00,76.1776715824
2014-04-02 14:55:00,78.7018136983
2014-04-02 15:00:00,81.5880053397
2014-04-02 15:05:00,80.2185555779
2014-04-02 15:10:00,76.6102169502
2014-04-02 15:15:00,72.1027375317
2014-04-02 15:20:00,79.93906012810001
2014-04-02 15:25:00,76.5692807448
2014-04-02 15:30:00,83.7529287755
2014-04-02 15:35:00,72.3824453662
2014-04-02 15:40:00,81.3564639513
2014-04-02 15:45:00,87.06275198969999
2014-04-02 15:50:00,74.7898302845
2014-04-02 15:55:00,79.5456282066
2014-04-02 16:00:00,73.4626108206
2014-04-02 16:05:00,82.0107531352
2014-04-02 16:10:00,80.8083517372
2014-04-02 16:15:00,78.5176976331
2014-04-02 16:20:00,80.3418780869
2014-04-02 16:25:00,86.3450287527
2014-04-02 16:30:00,75.14056456680001
2014-04-02 16:35:00,72.36089325409999
2014-04-02 16:40:00,85.7864734448
2014-04-02 16:45:00,81.2337173492
2014-04-02 16:50:00,86.25036968639999
2014-04-02 16:55:00,81.5509669965
2014-04-02 17:00:00,84.96254481369998
2014-04-02 17:05:00,78.8747435258
2014-04-02 17:10:00,83.9977266455
2014-04-02 17:15:00,86.6086302125
2014-04-02 17:20:00,81.1539362564
2014-04-02 17:25:00,74.8925336503
2014-04-02 17:30:00,76.300732541
2014-04-02 17:35:00,75.1782843619
2014-04-02 17:40:00,75.9496832768
2014-04-02 17:45:00,76.902617659
2014-04-02 17:50:00,80.88210952930001
2014-04-02 17:55:00,81.4078348108
2014-04-02 18:00:00,31.529592328699998
2014-04-02 18:05:00,32.738686705
2014-04-02 18:10:00,29.322073894099997
2014-04-02 18:15:00,29.361839079699998
2014-04-02 18:20:00,29.899702805500002
2014-04-02 18:25:00,32.1156898212
2014-04-02 18:30:00,30.1695601511
2014-04-02 18:35:00,30.6130143047
2014-04-02 18:40:00,31.36199613
2014-04-02 18:45:00,33.9959366664
2014-04-02 18:50:00,28.8887121232
2014-04-02 18:55:00,32.956018121999996
2014-04-02 19:00:00,23.1565655888
2014-04-02 19:05:00,23.73797659380001
2014-04-02 19:10:00,24.338731831799997
2014-04-02 19:15:00,20.2502164524
2014-04-02 19:20:00,20.848949857
2014-04-02 19:25:00,24.130046073699997
2014-04-02 19:30:00,22.21416194
2014-04-02 19:35:00,22.6893648177
2014-04-02 19:40:00,23.1303606038
2014-04-02 19:45:00,23.2022171153
2014-04-02 19:50:00,24.334195671999996
2014-04-02 19:55:00,24.6263320391
2014-04-02 20:00:00,21.3817647034
2014-04-02 20:05:00,19.6084578376
2014-04-02 20:10:00,22.0354655754
2014-04-02 20:15:00,18.6336086424
2014-04-02 20:20:00,19.378506940799998
2014-04-02 20:25:00,22.1076916334
2014-04-02 20:30:00,19.481360209400002
2014-04-02 20:35:00,19.3357865082
2014-04-02 20:40:00,18.9977609727
2014-04-02 20:45:00,21.9509214959
2014-04-02 20:50:00,20.4802383839
2014-04-02 20:55:00,21.1963623054
2014-04-02 21:00:00,19.047255564300002
2014-04-02 21:05:00,21.1331160084
2014-04-02 21:10:00,21.1410142346
2014-04-02 21:15:00,19.3427939344
2014-04-02 21:20:00,19.7370155903
2014-04-02 21:25:00,18.9291871167
2014-04-02 21:30:00,22.011394011100002
2014-04-02 21:35:00,20.6812058271
2014-04-02 21:40:00,21.842518711900002
2014-04-02 21:45:00,19.3057671297
2014-04-02 21:50:00,21.2289759056
2014-04-02 21:55:00,21.1645390097
2014-04-02 22:00:00,20.786558555
2014-04-02 22:05:00,21.883543944
2014-04-02 22:10:00,19.5930125873
2014-04-02 22:15:00,18.5406512398
2014-04-02 22:20:00,20.7066947888
2014-04-02 22:25:00,20.9373197413
2014-04-02 22:30:00,20.3197305165
2014-04-02 22:35:00,18.845345744
2014-04-02 22:40:00,20.0370408677
2014-04-02 22:45:00,19.2672377454
2014-04-02 22:50:00,19.728787574400002
2014-04-02 22:55:00,20.6006319326
2014-04-02 23:00:00,20.9848872936
2014-04-02 23:05:00,18.9325331103
2014-04-02 23:10:00,19.6250687305
2014-04-02 23:15:00,19.0803089982
2014-04-02 23:20:00,18.7981350027
2014-04-02 23:25:00,21.1376065193
2014-04-02 23:30:00,21.641165081700002
2014-04-02 23:35:00,19.4846690791
2014-04-02 23:40:00,21.0091486776
2014-04-02 23:45:00,21.5921260477
2014-04-02 23:50:00,21.3886026634
2014-04-02 23:55:00,18.734849953
2014-04-03 00:00:00,21.825167526100007
2014-04-03 00:05:00,19.5067057617
2014-04-03 00:10:00,19.3569626447
2014-04-03 00:15:00,18.2497253091
2014-04-03 00:20:00,19.9446946164
2014-04-03 00:25:00,18.4360544626
2014-04-03 00:30:00,18.9941592837
2014-04-03 00:35:00,19.2677704871
2014-04-03 00:40:00,21.235305294
2014-04-03 00:45:00,21.501954601599998
2014-04-03 00:50:00,19.2098652698
2014-04-03 00:55:00,21.434792485
2014-04-03 01:00:00,21.4289237495
2014-04-03 01:05:00,21.058603801500002
2014-04-03 01:10:00,18.586780456099998
2014-04-03 01:15:00,20.7612913876
2014-04-03 01:20:00,21.7800962583
2014-04-03 01:25:00,20.7301619151
2014-04-03 01:30:00,19.3264673964
2014-04-03 01:35:00,20.0023172697
2014-04-03 01:40:00,20.5829001734
2014-04-03 01:45:00,20.0422816349
2014-04-03 01:50:00,18.4798117669
2014-04-03 01:55:00,19.2482561786
2014-04-03 02:00:00,21.2095841222
2014-04-03 02:05:00,21.4456721844
2014-04-03 02:10:00,18.549200130899997
2014-04-03 02:15:00,21.8095470096
2014-04-03 02:20:00,19.3152904714
2014-04-03 02:25:00,20.6492549549
2014-04-03 02:30:00,21.007300583800003
2014-04-03 02:35:00,21.2477849386
2014-04-03 02:40:00,21.7829988089
2014-04-03 02:45:00,19.2516781921
2014-04-03 02:50:00,21.4340258182
2014-04-03 02:55:00,18.5267476137
2014-04-03 03:00:00,20.8201636254
2014-04-03 03:05:00,20.9679109181
2014-04-03 03:10:00,20.7108929648
2014-04-03 03:15:00,19.0092589445
2014-04-03 03:20:00,21.4921725881
2014-04-03 03:25:00,18.6754338535
2014-04-03 03:30:00,18.2145391661
2014-04-03 03:35:00,20.8698599624
2014-04-03 03:40:00,19.901902860899998
2014-04-03 03:45:00,21.396392079800002
2014-04-03 03:50:00,19.533588564200002
2014-04-03 03:55:00,18.673114354000003
2014-04-03 04:00:00,21.3457687699
2014-04-03 04:05:00,20.1956385266
2014-04-03 04:10:00,18.756783169600002
2014-04-03 04:15:00,20.881535994300002
2014-04-03 04:20:00,20.044454554
2014-04-03 04:25:00,20.417251929000003
2014-04-03 04:30:00,19.8435933528
2014-04-03 04:35:00,21.3148359353
2014-04-03 04:40:00,21.3182508627
2014-04-03 04:45:00,20.8375552873
2014-04-03 04:50:00,18.4216055096
2014-04-03 04:55:00,21.3554154476
2014-04-03 05:00:00,20.6840519221
2014-04-03 05:05:00,20.788096664
2014-04-03 05:10:00,19.4519313616
2014-04-03 05:15:00,21.5171182246
2014-04-03 05:20:00,20.901486400899998
2014-04-03 05:25:00,18.4503618661
2014-04-03 05:30:00,19.6311121376
2014-04-03 05:35:00,21.545521447800002
2014-04-03 05:40:00,18.1887868068
2014-04-03 05:45:00,21.845666478600002
2014-04-03 05:50:00,20.7166502733
2014-04-03 05:55:00,20.525503910599998
2014-04-03 06:00:00,19.082237025999998
2014-04-03 06:05:00,18.995167155
2014-04-03 06:10:00,21.768232878000003
2014-04-03 06:15:00,19.1930898169
2014-04-03 06:20:00,21.1020211869
2014-04-03 06:25:00,19.5724871928
2014-04-03 06:30:00,18.5570162831
2014-04-03 06:35:00,18.0428611908
2014-04-03 06:40:00,20.1770293481
2014-04-03 06:45:00,21.9031152742
2014-04-03 06:50:00,19.4765447752
2014-04-03 06:55:00,19.428769336
2014-04-03 07:00:00,19.3763664714
2014-04-03 07:05:00,20.0821753492
2014-04-03 07:10:00,19.7626595337
2014-04-03 07:15:00,21.5196585069
2014-04-03 07:20:00,20.0220831669
2014-04-03 07:25:00,20.0310313528
2014-04-03 07:30:00,18.5534863789
2014-04-03 07:35:00,21.9309581636
2014-04-03 07:40:00,18.9998915635
2014-04-03 07:45:00,18.2934562698
2014-04-03 07:50:00,20.6525849959
2014-04-03 07:55:00,20.3814654806
2014-04-03 08:00:00,19.660582616
2014-04-03 08:05:00,19.6887689355
2014-04-03 08:10:00,21.1402556842
2014-04-03 08:15:00,18.7828505604
2014-04-03 08:20:00,21.2810132758
2014-04-03 08:25:00,20.5949884556
2014-04-03 08:30:00,19.6758790951
2014-04-03 08:35:00,19.832114466300002
2014-04-03 08:40:00,19.0265888287
2014-04-03 08:45:00,21.0084573308
2014-04-03 08:50:00,20.0514989692
2014-04-03 08:55:00,19.283418170999997
2014-04-03 09:00:00,69.3062815743
2014-04-03 09:05:00,74.7419885479
2014-04-03 09:10:00,67.1195670033
2014-04-03 09:15:00,73.7214030506
2014-04-03 09:20:00,65.892229023
2014-04-03 09:25:00,61.9443648142
2014-04-03 09:30:00,63.9776926466
2014-04-03 09:35:00,66.89425394930001
2014-04-03 09:40:00,64.1870350289
2014-04-03 09:45:00,61.203087719799996
2014-04-03 09:50:00,73.6440209134
2014-04-03 09:55:00,72.6767599927
2014-04-03 10:00:00,81.36037543270001
2014-04-03 10:05:00,72.4444825244
2014-04-03 10:10:00,71.7080427028
2014-04-03 10:15:00,70.88922571180001
2014-04-03 10:20:00,81.0769330098
2014-04-03 10:25:00,84.2550995499
2014-04-03 10:30:00,76.52191594060001
2014-04-03 10:35:00,71.68906322939999
2014-04-03 10:40:00,77.7923365778
2014-04-03 10:45:00,75.2538712038
2014-04-03 10:50:00,75.6572828259
2014-04-03 10:55:00,79.4830512869
2014-04-03 11:00:00,82.9984928733
2014-04-03 11:05:00,73.32703963649999
2014-04-03 11:10:00,72.1340270307
2014-04-03 11:15:00,87.3818291339
2014-04-03 11:20:00,75.26931166119998
2014-04-03 11:25:00,72.4241206681
2014-04-03 11:30:00,74.5877772339
2014-04-03 11:35:00,72.1875855883
2014-04-03 11:40:00,77.799360468
2014-04-03 11:45:00,84.3293979799
2014-04-03 11:50:00,76.9951517289
2014-04-03 11:55:00,78.632292903
2014-04-03 12:00:00,82.710017111
2014-04-03 12:05:00,80.046134355
2014-04-03 12:10:00,85.6801912192
2014-04-03 12:15:00,85.7535429158
2014-04-03 12:20:00,72.0719808425
2014-04-03 12:25:00,84.3474024146
2014-04-03 12:30:00,79.2764915187
2014-04-03 12:35:00,87.7160629225
2014-04-03 12:40:00,79.6360351582
2014-04-03 12:45:00,87.6849867241
2014-04-03 12:50:00,83.9722220476
2014-04-03 12:55:00,75.88650494
2014-04-03 13:00:00,80.5949722319
2014-04-03 13:05:00,87.8530804308
2014-04-03 13:10:00,85.6999168065
2014-04-03 13:15:00,73.5402164118
2014-04-03 13:20:00,83.2819594805
2014-04-03 13:25:00,77.5106663483
2014-04-03 13:30:00,72.0944093782
2014-04-03 13:35:00,78.4368661375
2014-04-03 13:40:00,75.73788929060001
2014-04-03 13:45:00,85.08148387029999
2014-04-03 13:50:00,77.37871439199999
2014-04-03 13:55:00,85.2199214123
2014-04-03 14:00:00,72.0061105621
2014-04-03 14:05:00,76.9214139953
2014-04-03 14:10:00,75.855002214
2014-04-03 14:15:00,75.7334423974
2014-04-03 14:20:00,73.0874775489
2014-04-03 14:25:00,74.9903886151
2014-04-03 14:30:00,80.8849104561
2014-04-03 14:35:00,76.6580974001
2014-04-03 14:40:00,78.6745399581
2014-04-03 14:45:00,78.0261246518
2014-04-03 14:50:00,86.010350105
2014-04-03 14:55:00,86.4806327145
2014-04-03 15:00:00,79.8865446283
2014-04-03 15:05:00,77.28175329310001
2014-04-03 15:10:00,73.7081036594
2014-04-03 15:15:00,87.2536084274
2014-04-03 15:20:00,72.9629306675
2014-04-03 15:25:00,76.761667522
2014-04-03 15:30:00,76.7683222358
2014-04-03 15:35:00,77.1256801646
2014-04-03 15:40:00,74.6278730579
2014-04-03 15:45:00,84.5297714012
2014-04-03 15:50:00,73.9592557758
2014-04-03 15:55:00,82.1577178248
2014-04-03 16:00:00,73.9813943827
2014-04-03 16:05:00,73.1284297946
2014-04-03 16:10:00,86.55070588129999
2014-04-03 16:15:00,75.04191618029999
2014-04-03 16:20:00,85.1398390042
2014-04-03 16:25:00,80.7139389667
2014-04-03 16:30:00,73.245563682
2014-04-03 16:35:00,87.2870034716
2014-04-03 16:40:00,75.95123284520001
2014-04-03 16:45:00,85.7541608773
2014-04-03 16:50:00,74.7008166667
2014-04-03 16:55:00,85.6629216411
2014-04-03 17:00:00,72.21163327720001
2014-04-03 17:05:00,80.1884565127
2014-04-03 17:10:00,84.3110488953
2014-04-03 17:15:00,86.95669488850002
2014-04-03 17:20:00,86.5472009452
2014-04-03 17:25:00,85.113965229
2014-04-03 17:30:00,86.21102848950001
2014-04-03 17:35:00,75.1874861014
2014-04-03 17:40:00,76.5469193374
2014-04-03 17:45:00,76.62346697529999
2014-04-03 17:50:00,78.03283293140001
2014-04-03 17:55:00,78.2931006616
2014-04-03 18:00:00,32.285147879
2014-04-03 18:05:00,29.823224759499997
2014-04-03 18:10:00,33.2239722692
2014-04-03 18:15:00,29.872420116
2014-04-03 18:20:00,30.7859683746
2014-04-03 18:25:00,32.02140268780001
2014-04-03 18:30:00,33.8972130855
2014-04-03 18:35:00,33.5325966545
2014-04-03 18:40:00,32.9314135582
2014-04-03 18:45:00,29.796943146700002
2014-04-03 18:50:00,32.30108401010001
2014-04-03 18:55:00,29.359651974499997
2014-04-03 19:00:00,21.8505858334
2014-04-03 19:05:00,22.012552848200002
2014-04-03 19:10:00,20.338354133
2014-04-03 19:15:00,21.3874655124
2014-04-03 19:20:00,24.4413082726
2014-04-03 19:25:00,24.432272742800002
2014-04-03 19:30:00,21.7384240105
2014-04-03 19:35:00,20.3530873716
2014-04-03 19:40:00,20.9623441783
2014-04-03 19:45:00,21.9171345123
2014-04-03 19:50:00,24.406051708099998
2014-04-03 19:55:00,20.792570664
2014-04-03 20:00:00,21.559360636999997
2014-04-03 20:05:00,18.8771634548
2014-04-03 20:10:00,22.451230767600002
2014-04-03 20:15:00,19.9951009404
2014-04-03 20:20:00,21.607360412
2014-04-03 20:25:00,19.8352528372
2014-04-03 20:30:00,21.0029314688
2014-04-03 20:35:00,19.2184976525
2014-04-03 20:40:00,19.0301018667
2014-04-03 20:45:00,22.2743104484
2014-04-03 20:50:00,22.190682984000002
2014-04-03 20:55:00,22.067072514299998
2014-04-03 21:00:00,20.6001420725
2014-04-03 21:05:00,21.3349915423
2014-04-03 21:10:00,18.3638732119
2014-04-03 21:15:00,19.431984069600002
2014-04-03 21:20:00,19.347235551700003
2014-04-03 21:25:00,20.6411856275
2014-04-03 21:30:00,19.5170654354
2014-04-03 21:35:00,18.683278411099998
2014-04-03 21:40:00,20.4837204194
2014-04-03 21:45:00,21.3595718017
2014-04-03 21:50:00,19.622230700899998
2014-04-03 21:55:00,18.6180143742
2014-04-03 22:00:00,18.8047880627
2014-04-03 22:05:00,18.9681251473
2014-04-03 22:10:00,19.2180219693
2014-04-03 22:15:00,20.590928605
2014-04-03 22:20:00,20.4233695588
2014-04-03 22:25:00,20.8042723827
2014-04-03 22:30:00,19.468679936199997
2014-04-03 22:35:00,21.316434748
2014-04-03 22:40:00,18.834414332
2014-04-03 22:45:00,19.8952440968
2014-04-03 22:50:00,21.2241104804
2014-04-03 22:55:00,18.7386063909
2014-04-03 23:00:00,18.442992828
2014-04-03 23:05:00,21.5388705379
2014-04-03 23:10:00,19.375438019100002
2014-04-03 23:15:00,20.7394617099
2014-04-03 23:20:00,18.104869883
2014-04-03 23:25:00,20.7641735076
2014-04-03 23:30:00,19.2681040101
2014-04-03 23:35:00,18.2264622215
2014-04-03 23:40:00,20.4431753804
2014-04-03 23:45:00,18.9668561998
2014-04-03 23:50:00,19.5509820342
2014-04-03 23:55:00,18.3258411334
2014-04-04 00:00:00,18.5886530044
2014-04-04 00:05:00,19.191908942
2014-04-04 00:10:00,18.359038002200002
2014-04-04 00:15:00,21.643305058699998
2014-04-04 00:20:00,18.0241881727
2014-04-04 00:25:00,19.9354408755
2014-04-04 00:30:00,18.4929898325
2014-04-04 00:35:00,19.2307163579
2014-04-04 00:40:00,21.704238239299997
2014-04-04 00:45:00,18.6467782131
2014-04-04 00:50:00,21.8633292789
2014-04-04 00:55:00,18.823177508
2014-04-04 01:00:00,20.9662644339
2014-04-04 01:05:00,20.186709059600002
2014-04-04 01:10:00,21.5379149104
2014-04-04 01:15:00,20.215973022
2014-04-04 01:20:00,20.1382368766
2014-04-04 01:25:00,18.7818320015
2014-04-04 01:30:00,18.6649174482
2014-04-04 01:35:00,21.6659566045
2014-04-04 01:40:00,19.3113527954
2014-04-04 01:45:00,19.4883290199
2014-04-04 01:50:00,21.0392946337
2014-04-04 01:55:00,19.3552939297
2014-04-04 02:00:00,21.808249786599998
2014-04-04 02:05:00,20.951711076
2014-04-04 02:10:00,20.3897169703
2014-04-04 02:15:00,21.5235806422
2014-04-04 02:20:00,18.1984236334
2014-04-04 02:25:00,19.0282507688
2014-04-04 02:30:00,19.8601453369
2014-04-04 02:35:00,18.9079141579
2014-04-04 02:40:00,20.9756207492
2014-04-04 02:45:00,21.6768321242
2014-04-04 02:50:00,19.6950804797
2014-04-04 02:55:00,19.3685304004
2014-04-04 03:00:00,21.8462029286
2014-04-04 03:05:00,19.7794097313
2014-04-04 03:10:00,19.9561936018
2014-04-04 03:15:00,19.4065994894
2014-04-04 03:20:00,21.638193891999997
2014-04-04 03:25:00,20.275821933099998
2014-04-04 03:30:00,21.0486983487
2014-04-04 03:35:00,21.2472268734
2014-04-04 03:40:00,19.3673961677
2014-04-04 03:45:00,19.7347773253
2014-04-04 03:50:00,21.3938870976
2014-04-04 03:55:00,19.4530214067
2014-04-04 04:00:00,21.175740533800003
2014-04-04 04:05:00,21.7639692903
2014-04-04 04:10:00,20.492841492300002
2014-04-04 04:15:00,20.9665091498
2014-04-04 04:20:00,21.2203892482
2014-04-04 04:25:00,21.3801585956
2014-04-04 04:30:00,19.5802133514
2014-04-04 04:35:00,18.2050538367
2014-04-04 04:40:00,19.6075050849
2014-04-04 04:45:00,20.6950249191
2014-04-04 04:50:00,19.8014015431
2014-04-04 04:55:00,20.9958526034
2014-04-04 05:00:00,19.4279297179
2014-04-04 05:05:00,20.538976564400002
2014-04-04 05:10:00,18.7456792194
2014-04-04 05:15:00,20.9974777466
2014-04-04 05:20:00,20.1827838753
2014-04-04 05:25:00,18.8162575542
2014-04-04 05:30:00,19.167644694
2014-04-04 05:35:00,20.9944348343
2014-04-04 05:40:00,19.9304049426
2014-04-04 05:45:00,18.8641257616
2014-04-04 05:50:00,21.8690847615
2014-04-04 05:55:00,20.8605000793
2014-04-04 06:00:00,21.828539330199998
2014-04-04 06:05:00,19.7084201814
2014-04-04 06:10:00,19.9004013628
2014-04-04 06:15:00,21.591820864699997
2014-04-04 06:20:00,20.100197361
2014-04-04 06:25:00,20.8291156476
2014-04-04 06:30:00,19.00869151
2014-04-04 06:35:00,19.7869058748
2014-04-04 06:40:00,18.4937994632
2014-04-04 06:45:00,18.8239201435
2014-04-04 06:50:00,18.0037736611
2014-04-04 06:55:00,18.1570602066
2014-04-04 07:00:00,21.9091352927
2014-04-04 07:05:00,18.9694147805
2014-04-04 07:10:00,20.653242838
2014-04-04 07:15:00,21.3563987952
2014-04-04 07:20:00,20.2026418369
2014-04-04 07:25:00,18.6125780003
2014-04-04 07:30:00,20.9124657493
2014-04-04 07:35:00,20.4010056404
2014-04-04 07:40:00,20.9250023574
2014-04-04 07:45:00,21.078986491400002
2014-04-04 07:50:00,21.901641470700003
2014-04-04 07:55:00,20.2942531201
2014-04-04 08:00:00,19.3665644508
2014-04-04 08:05:00,20.5938582276
2014-04-04 08:10:00,18.273762837
2014-04-04 08:15:00,21.5895892733
2014-04-04 08:20:00,18.4775240454
2014-04-04 08:25:00,19.3113713515
2014-04-04 08:30:00,21.2629815225
2014-04-04 08:35:00,20.389249513299998
2014-04-04 08:40:00,19.5745420811
2014-04-04 08:45:00,19.8937426375
2014-04-04 08:50:00,21.4181895728
2014-04-04 08:55:00,19.3600175442
2014-04-04 09:00:00,73.0272357134
2014-04-04 09:05:00,62.398628261300004
2014-04-04 09:10:00,71.764458746
2014-04-04 09:15:00,72.7266478095
2014-04-04 09:20:00,63.672720078599994
2014-04-04 09:25:00,67.0527128403
2014-04-04 09:30:00,63.4507969354
2014-04-04 09:35:00,70.80981615430001
2014-04-04 09:40:00,68.48072964560001
2014-04-04 09:45:00,69.84039751520001
2014-04-04 09:50:00,63.8722227506
2014-04-04 09:55:00,64.07974372390001
2014-04-04 10:00:00,70.4840384919
2014-04-04 10:05:00,74.83848814619998
2014-04-04 10:10:00,78.52723714390001
2014-04-04 10:15:00,83.1551498652
2014-04-04 10:20:00,80.1907139846
2014-04-04 10:25:00,76.5973509392
2014-04-04 10:30:00,84.6324241754
2014-04-04 10:35:00,81.0026855129
2014-04-04 10:40:00,84.2761639484
2014-04-04 10:45:00,78.02816534520001
2014-04-04 10:50:00,73.8581943448
2014-04-04 10:55:00,70.65987017239999
2014-04-04 11:00:00,83.115653478
2014-04-04 11:05:00,73.4972028803
2014-04-04 11:10:00,76.38333564
2014-04-04 11:15:00,80.036417319
2014-04-04 11:20:00,80.544481412
2014-04-04 11:25:00,81.1196751649
2014-04-04 11:30:00,74.2121247739
2014-04-04 11:35:00,77.6073436863
2014-04-04 11:40:00,81.3838569881
2014-04-04 11:45:00,86.9919992231
2014-04-04 11:50:00,83.140245614
2014-04-04 11:55:00,86.24109015280001
2014-04-04 12:00:00,84.0943584615
2014-04-04 12:05:00,81.3697105365
2014-04-04 12:10:00,74.9822870575
2014-04-04 12:15:00,82.5677700658
2014-04-04 12:20:00,81.87570416770001
2014-04-04 12:25:00,81.5415393192
2014-04-04 12:30:00,79.7407699991
2014-04-04 12:35:00,80.361955457
2014-04-04 12:40:00,77.2582591374
2014-04-04 12:45:00,80.2126322786
2014-04-04 12:50:00,75.0707014175
2014-04-04 12:55:00,84.7809310093
2014-04-04 13:00:00,74.9544378917
2014-04-04 13:05:00,73.34185436770001
2014-04-04 13:10:00,78.960981237
2014-04-04 13:15:00,82.5131111315
2014-04-04 13:20:00,78.9845083663
2014-04-04 13:25:00,76.4097233754
2014-04-04 13:30:00,80.9113155649
2014-04-04 13:35:00,77.5334248776
2014-04-04 13:40:00,86.9050208301
2014-04-04 13:45:00,86.74149927629999
2014-04-04 13:50:00,80.0187400118
2014-04-04 13:55:00,77.2276048298
2014-04-04 14:00:00,83.7900965056
2014-04-04 14:05:00,72.58392290020001
2014-04-04 14:10:00,79.59248347409999
2014-04-04 14:15:00,77.377460012
2014-04-04 14:20:00,86.7244111901
2014-04-04 14:25:00,72.188583218
2014-04-04 14:30:00,80.8411574497
2014-04-04 14:35:00,83.8465924674
2014-04-04 14:40:00,79.7564593066
2014-04-04 14:45:00,73.36292689310001
2014-04-04 14:50:00,87.55517939010002
2014-04-04 14:55:00,80.28431307
2014-04-04 15:00:00,81.8261943701
2014-04-04 15:05:00,75.78502898010001
2014-04-04 15:10:00,79.73520389640001
2014-04-04 15:15:00,78.865634754
2014-04-04 15:20:00,73.197630768
2014-04-04 15:25:00,73.6978581505
2014-04-04 15:30:00,85.39874047810001
2014-04-04 15:35:00,75.83639119899999
2014-04-04 15:40:00,75.1186111984
2014-04-04 15:45:00,80.0778144656
2014-04-04 15:50:00,84.2991448222
2014-04-04 15:55:00,72.99044358229999
2014-04-04 16:00:00,81.22877075470001
2014-04-04 16:05:00,73.9072251833
2014-04-04 16:10:00,72.58323745310001
2014-04-04 16:15:00,72.8437633743
2014-04-04 16:20:00,85.3464618658
2014-04-04 16:25:00,73.8874178739
2014-04-04 16:30:00,72.7222822035
2014-04-04 16:35:00,79.006246502
2014-04-04 16:40:00,85.5037313836
2014-04-04 16:45:00,76.1983877226
2014-04-04 16:50:00,78.7472506854
2014-04-04 16:55:00,72.6386210546
2014-04-04 17:00:00,79.185225819
2014-04-04 17:05:00,81.2417780933
2014-04-04 17:10:00,81.1344817044
2014-04-04 17:15:00,77.3187973844
2014-04-04 17:20:00,77.048501304
2014-04-04 17:25:00,73.7059495999
2014-04-04 17:30:00,77.8687432287
2014-04-04 17:35:00,73.5918864427
2014-04-04 17:40:00,84.2655027574
2014-04-04 17:45:00,87.46035517920002
2014-04-04 17:50:00,87.5211576985
2014-04-04 17:55:00,85.84110462699999
2014-04-04 18:00:00,32.645063487899996
2014-04-04 18:05:00,33.2855340715
2014-04-04 18:10:00,30.6253112571
2014-04-04 18:15:00,32.8369243844
2014-04-04 18:20:00,31.7161510269
2014-04-04 18:25:00,31.8849048527
2014-04-04 18:30:00,33.6497635256
2014-04-04 18:35:00,30.6042715998
2014-04-04 18:40:00,30.8354475944
2014-04-04 18:45:00,34.7177007974
2014-04-04 18:50:00,29.1598298884
2014-04-04 18:55:00,31.9080533835
2014-04-04 19:00:00,24.2493462556
2014-04-04 19:05:00,22.894425019099998
2014-04-04 19:10:00,22.6079024523
2014-04-04 19:15:00,21.2788527557
2014-04-04 19:20:00,21.697873000700003
2014-04-04 19:25:00,23.9771755875
2014-04-04 19:30:00,22.665295986999997
2014-04-04 19:35:00,22.4660437956
2014-04-04 19:40:00,20.6061159863
2014-04-04 19:45:00,20.2318050311
2014-04-04 19:50:00,24.4773083026
2014-04-04 19:55:00,21.848896830900003
2014-04-04 20:00:00,20.9027604515
2014-04-04 20:05:00,18.7585127147
2014-04-04 20:10:00,21.2300358596
2014-04-04 20:15:00,22.251792971799997
2014-04-04 20:20:00,20.7899246268
2014-04-04 20:25:00,18.9485681331
2014-04-04 20:30:00,20.8147311268
2014-04-04 20:35:00,21.570957926
2014-04-04 20:40:00,20.0966818926
2014-04-04 20:45:00,22.035815151100007
2014-04-04 20:50:00,21.0890051239
2014-04-04 20:55:00,22.1153233039
2014-04-04 21:00:00,20.592392496600002
2014-04-04 21:05:00,18.6140725716
2014-04-04 21:10:00,19.331112878
2014-04-04 21:15:00,18.8974542098
2014-04-04 21:20:00,21.7391554065
2014-04-04 21:25:00,21.1425998987
2014-04-04 21:30:00,20.8049802734
2014-04-04 21:35:00,19.2960437847
2014-04-04 21:40:00,18.8261127018
2014-04-04 21:45:00,21.1267281612
2014-04-04 21:50:00,19.992135567200002
2014-04-04 21:55:00,18.9938933215
2014-04-04 22:00:00,20.486135730999997
2014-04-04 22:05:00,18.178770281600002
2014-04-04 22:10:00,19.323213500799998
2014-04-04 22:15:00,19.8933072275
2014-04-04 22:20:00,18.6096814873
2014-04-04 22:25:00,21.959678972800003
2014-04-04 22:30:00,18.854472383
2014-04-04 22:35:00,18.5391930671
2014-04-04 22:40:00,18.8322010602
2014-04-04 22:45:00,21.096477717
2014-04-04 22:50:00,19.7209365691
2014-04-04 22:55:00,20.2811149463
2014-04-04 23:00:00,18.0875087612
2014-04-04 23:05:00,18.1412076758
2014-04-04 23:10:00,19.7871005914
2014-04-04 23:15:00,21.2707041619
2014-04-04 23:20:00,21.5450913762
2014-04-04 23:25:00,18.3503488592
2014-04-04 23:30:00,20.157321869300002
2014-04-04 23:35:00,21.6570761034
2014-04-04 23:40:00,19.5556449787
2014-04-04 23:45:00,21.3223564302
2014-04-04 23:50:00,18.538341294000002
2014-04-04 23:55:00,21.745752339499997
2014-04-05 00:00:00,21.0056932701
2014-04-05 00:05:00,21.7653375711
2014-04-05 00:10:00,20.7064689342
2014-04-05 00:15:00,19.453615728
2014-04-05 00:20:00,21.752724690100003
2014-04-05 00:25:00,19.1022671052
2014-04-05 00:30:00,19.3286900882
2014-04-05 00:35:00,20.803233672
2014-04-05 00:40:00,21.0612651981
2014-04-05 00:45:00,21.7176139354
2014-04-05 00:50:00,18.8192096362
2014-04-05 00:55:00,21.1919921409
2014-04-05 01:00:00,20.954184213599998
2014-04-05 01:05:00,18.255178225
2014-04-05 01:10:00,19.5488925648
2014-04-05 01:15:00,19.1310618282
2014-04-05 01:20:00,19.2179616974
2014-04-05 01:25:00,21.9317875182
2014-04-05 01:30:00,20.571109653900002
2014-04-05 01:35:00,20.8707046312
2014-04-05 01:40:00,21.9064705493
2014-04-05 01:45:00,19.5088071298
2014-04-05 01:50:00,21.2073606738
2014-04-05 01:55:00,19.738123853199998
2014-04-05 02:00:00,21.4781346873
2014-04-05 02:05:00,18.7226301652
2014-04-05 02:10:00,21.7907447083
2014-04-05 02:15:00,18.875086833599998
2014-04-05 02:20:00,19.3048820279
2014-04-05 02:25:00,21.0247689364
2014-04-05 02:30:00,19.5750205663
2014-04-05 02:35:00,20.4328455071
2014-04-05 02:40:00,19.7782940043
2014-04-05 02:45:00,20.969479748399998
2014-04-05 02:50:00,18.9133250095
2014-04-05 02:55:00,18.2338319489
2014-04-05 03:00:00,19.1997175899
2014-04-05 03:05:00,19.8972346595
2014-04-05 03:10:00,18.6720802088
2014-04-05 03:15:00,19.4191891586
2014-04-05 03:20:00,19.599932073199998
2014-04-05 03:25:00,18.2295673748
2014-04-05 03:30:00,20.3332289927
2014-04-05 03:35:00,21.5373737119
2014-04-05 03:40:00,18.606971651800002
2014-04-05 03:45:00,20.3912320536
2014-04-05 03:50:00,20.6589568196
2014-04-05 03:55:00,19.6773387217
2014-04-05 04:00:00,20.8043903495
2014-04-05 04:05:00,19.642926174
2014-04-05 04:10:00,20.0185491519
2014-04-05 04:15:00,18.029412178199998
2014-04-05 04:20:00,20.7668804565
2014-04-05 04:25:00,20.6453707158
2014-04-05 04:30:00,18.1536035093
2014-04-05 04:35:00,19.4730004296
2014-04-05 04:40:00,21.9161273632
2014-04-05 04:45:00,19.6829462503
2014-04-05 04:50:00,20.0077816205
2014-04-05 04:55:00,21.639720632600003
2014-04-05 05:00:00,20.8690475035
2014-04-05 05:05:00,20.328280524500002
2014-04-05 05:10:00,21.1912187254
2014-04-05 05:15:00,21.457465065799997
2014-04-05 05:20:00,19.8275522869
2014-04-05 05:25:00,19.9004334597
2014-04-05 05:30:00,19.5442037426
2014-04-05 05:35:00,21.866824560100003
2014-04-05 05:40:00,20.7886650172
2014-04-05 05:45:00,18.3328922648
2014-04-05 05:50:00,21.4518384933
2014-04-05 05:55:00,19.9222397633
2014-04-05 06:00:00,18.2750156257
2014-04-05 06:05:00,20.1988690207
2014-04-05 06:10:00,19.6686571159
2014-04-05 06:15:00,21.5109976195
2014-04-05 06:20:00,18.8159784144
2014-04-05 06:25:00,21.305858437999998
2014-04-05 06:30:00,20.2307547647
2014-04-05 06:35:00,18.2184412129
2014-04-05 06:40:00,21.887381205300002
2014-04-05 06:45:00,20.0504609764
2014-04-05 06:50:00,19.1635074169
2014-04-05 06:55:00,19.877627368
2014-04-05 07:00:00,21.431431134100002
2014-04-05 07:05:00,19.2196124975
2014-04-05 07:10:00,18.7707055859
2014-04-05 07:15:00,18.5162849877
2014-04-05 07:20:00,19.1914375936
2014-04-05 07:25:00,21.1201923482
2014-04-05 07:30:00,19.8865054608
2014-04-05 07:35:00,18.9099264148
2014-04-05 07:40:00,18.664739998399998
2014-04-05 07:45:00,19.330917906
2014-04-05 07:50:00,21.759697491500006
2014-04-05 07:55:00,19.372106850399998
2014-04-05 08:00:00,21.9524963038
2014-04-05 08:05:00,19.9409218231
2014-04-05 08:10:00,18.7166556732
2014-04-05 08:15:00,21.5645603672
2014-04-05 08:20:00,19.8414214925
2014-04-05 08:25:00,20.838685374
2014-04-05 08:30:00,21.934846332800003
2014-04-05 08:35:00,18.2007014013
2014-04-05 08:40:00,18.3867782392
2014-04-05 08:45:00,20.8818269659
2014-04-05 08:50:00,19.1273000132
2014-04-05 08:55:00,18.7372055878
2014-04-05 09:00:00,61.7353215655
2014-04-05 09:05:00,61.497115283
2014-04-05 09:10:00,71.7330042024
2014-04-05 09:15:00,63.0282946122
2014-04-05 09:20:00,67.5610003772
2014-04-05 09:25:00,69.4401966864
2014-04-05 09:30:00,67.0255844877
2014-04-05 09:35:00,61.568650471800005
2014-04-05 09:40:00,71.85562043520001
2014-04-05 09:45:00,61.3429798538
2014-04-05 09:50:00,71.5617025635
2014-04-05 09:55:00,73.3489411155
2014-04-05 10:00:00,76.5576755748
2014-04-05 10:05:00,78.1516191825
2014-04-05 10:10:00,77.24278225340001
2014-04-05 10:15:00,75.88051776100001
2014-04-05 10:20:00,83.6128287889
2014-04-05 10:25:00,83.7138480856
2014-04-05 10:30:00,75.0518699792
2014-04-05 10:35:00,79.3858825823
2014-04-05 10:40:00,84.2256053645
2014-04-05 10:45:00,84.7711479036
2014-04-05 10:50:00,77.7390443074
2014-04-05 10:55:00,76.867840978
2014-04-05 11:00:00,76.0003544005
2014-04-05 11:05:00,86.81789827120001
2014-04-05 11:10:00,73.8393186983
2014-04-05 11:15:00,80.7896095775
2014-04-05 11:20:00,76.0616794546
2014-04-05 11:25:00,76.0053478497
2014-04-05 11:30:00,78.0086204136
2014-04-05 11:35:00,87.4528028512
2014-04-05 11:40:00,72.442184144
2014-04-05 11:45:00,80.7691290767
2014-04-05 11:50:00,72.8812276014
2014-04-05 11:55:00,74.02549928020001
2014-04-05 12:00:00,78.9381674599
2014-04-05 12:05:00,80.071161267
2014-04-05 12:10:00,76.0493097196
2014-04-05 12:15:00,76.9708381171
2014-04-05 12:20:00,73.30340255729999
2014-04-05 12:25:00,76.7592947217
2014-04-05 12:30:00,87.3599771081
2014-04-05 12:35:00,87.010779725
2014-04-05 12:40:00,77.265222979
2014-04-05 12:45:00,81.0363025849
2014-04-05 12:50:00,86.44966202629999
2014-04-05 12:55:00,72.0124224329
2014-04-05 13:00:00,84.9505441005
2014-04-05 13:05:00,87.15299110549999
2014-04-05 13:10:00,73.4435810585
2014-04-05 13:15:00,74.5652630174
2014-04-05 13:20:00,87.35097157850002
2014-04-05 13:25:00,80.5812981441
2014-04-05 13:30:00,72.20981163649999
2014-04-05 13:35:00,76.1038426733
2014-04-05 13:40:00,79.1800910046
2014-04-05 13:45:00,83.0666018062
2014-04-05 13:50:00,83.7104707143
2014-04-05 13:55:00,87.9056417882
2014-04-05 14:00:00,76.5965023815
2014-04-05 14:05:00,80.6076522769
2014-04-05 14:10:00,80.5293111733
2014-04-05 14:15:00,78.48655661560001
2014-04-05 14:20:00,74.7030043851
2014-04-05 14:25:00,87.6350983243
2014-04-05 14:30:00,85.6489636391
2014-04-05 14:35:00,79.9694897329
2014-04-05 14:40:00,81.6480074705
2014-04-05 14:45:00,75.6325463205
2014-04-05 14:50:00,80.6967194978
2014-04-05 14:55:00,83.1155323929
2014-04-05 15:00:00,80.2419021245
2014-04-05 15:05:00,87.8437194216
2014-04-05 15:10:00,81.7806813979
2014-04-05 15:15:00,77.93483121989999
2014-04-05 15:20:00,84.3536226393
2014-04-05 15:25:00,74.72668280229999
2014-04-05 15:30:00,78.1515027577
2014-04-05 15:35:00,77.5505987131
2014-04-05 15:40:00,78.9081559962
2014-04-05 15:45:00,84.50766593350001
2014-04-05 15:50:00,79.7460029456
2014-04-05 15:55:00,84.7034180436
2014-04-05 16:00:00,81.2236665005
2014-04-05 16:05:00,77.4729622061
2014-04-05 16:10:00,84.9594967764
2014-04-05 16:15:00,75.8124891686
2014-04-05 16:20:00,75.5899825438
2014-04-05 16:25:00,80.0718930465
2014-04-05 16:30:00,76.1734416821
2014-04-05 16:35:00,72.1452540401
2014-04-05 16:40:00,82.3726022811
2014-04-05 16:45:00,80.1773472028
2014-04-05 16:50:00,79.1281331056
2014-04-05 16:55:00,87.4713282886
2014-04-05 17:00:00,81.139155786
2014-04-05 17:05:00,85.8148722917
2014-04-05 17:10:00,74.2311752745
2014-04-05 17:15:00,81.1072722649
2014-04-05 17:20:00,85.8876410468
2014-04-05 17:25:00,81.3296608859
2014-04-05 17:30:00,83.4881947906
2014-04-05 17:35:00,77.9526671512
2014-04-05 17:40:00,73.4791640566
2014-04-05 17:45:00,79.32637426069999
2014-04-05 17:50:00,78.3116401817
2014-04-05 17:55:00,85.8729299428
2014-04-05 18:00:00,30.3615641056
2014-04-05 18:05:00,34.9870923387
2014-04-05 18:10:00,34.9320772598
2014-04-05 18:15:00,30.3848366818
2014-04-05 18:20:00,31.0275265578
2014-04-05 18:25:00,34.5315501115
2014-04-05 18:30:00,34.9863754963
2014-04-05 18:35:00,31.638004183699998
2014-04-05 18:40:00,30.8543751681
2014-04-05 18:45:00,32.1669955087
2014-04-05 18:50:00,33.201716546
2014-04-05 18:55:00,30.550231032800003
2014-04-05 19:00:00,23.4593985354
2014-04-05 19:05:00,20.3914238413
2014-04-05 19:10:00,20.3808382096
2014-04-05 19:15:00,21.890567718200003
2014-04-05 19:20:00,21.743558707600002
2014-04-05 19:25:00,21.5740356214
2014-04-05 19:30:00,22.3597673102
2014-04-05 19:35:00,21.596885264
2014-04-05 19:40:00,21.021314321600002
2014-04-05 19:45:00,21.5464223979
2014-04-05 19:50:00,24.5275697967
2014-04-05 19:55:00,22.0017869012
2014-04-05 20:00:00,20.253543291
2014-04-05 20:05:00,20.7935280293
2014-04-05 20:10:00,22.4597635179
2014-04-05 20:15:00,19.4215985952
2014-04-05 20:20:00,21.2225312701
2014-04-05 20:25:00,21.3646730484
2014-04-05 20:30:00,20.9196005601
2014-04-05 20:35:00,18.794816653599998
2014-04-05 20:40:00,21.2044685873
2014-04-05 20:45:00,18.6945317121
2014-04-05 20:50:00,20.8738000421
2014-04-05 20:55:00,21.4613242444
2014-04-05 21:00:00,18.934330138099998
2014-04-05 21:05:00,21.4690471202
2014-04-05 21:10:00,18.2083979707
2014-04-05 21:15:00,21.477852609099997
2014-04-05 21:20:00,19.9365544716
2014-04-05 21:25:00,18.9609294018
2014-04-05 21:30:00,18.6240810748
2014-04-05 21:35:00,21.917932114299997
2014-04-05 21:40:00,18.3784574847
2014-04-05 21:45:00,18.886596227200002
2014-04-05 21:50:00,19.4843675311
2014-04-05 21:55:00,20.579247854600002
2014-04-05 22:00:00,20.1985763674
2014-04-05 22:05:00,18.5203364316
2014-04-05 22:10:00,19.177304481
2014-04-05 22:15:00,18.9732038818
2014-04-05 22:20:00,18.8722714133
2014-04-05 22:25:00,19.6634361305
2014-04-05 22:30:00,20.8361092809
2014-04-05 22:35:00,18.887926738900003
2014-04-05 22:40:00,19.4854035561
2014-04-05 22:45:00,19.5824508207
2014-04-05 22:50:00,21.9268557
2014-04-05 22:55:00,21.8396113356
2014-04-05 23:00:00,21.2046208346
2014-04-05 23:05:00,18.9702772755
2014-04-05 23:10:00,18.275657507200002
2014-04-05 23:15:00,19.2713159314
2014-04-05 23:20:00,19.070839094100002
2014-04-05 23:25:00,20.0275477496
2014-04-05 23:30:00,21.1149649332
2014-04-05 23:35:00,21.4374069454
2014-04-05 23:40:00,21.3835611952
2014-04-05 23:45:00,19.442434473800002
2014-04-05 23:50:00,20.7529211678
2014-04-05 23:55:00,19.2550330449
2014-04-06 00:00:00,18.2436221729
2014-04-06 00:05:00,20.8062610624
2014-04-06 00:10:00,18.0393102103
2014-04-06 00:15:00,19.6367303498
2014-04-06 00:20:00,19.3175170772
2014-04-06 00:25:00,20.773510154100002
2014-04-06 00:30:00,21.064981891
2014-04-06 00:35:00,19.2163785439
2014-04-06 00:40:00,21.2465080578
2014-04-06 00:45:00,19.175667042
2014-04-06 00:50:00,19.7853054399
2014-04-06 00:55:00,20.9080741081
2014-04-06 01:00:00,20.7716809169
2014-04-06 01:05:00,21.9494738892
2014-04-06 01:10:00,18.9006440969
2014-04-06 01:15:00,20.6492716542
2014-04-06 01:20:00,20.4387276331
2014-04-06 01:25:00,21.660393818000003
2014-04-06 01:30:00,18.6254485666
2014-04-06 01:35:00,21.0071926543
2014-04-06 01:40:00,20.2730744651
2014-04-06 01:45:00,19.098663479200003
2014-04-06 01:50:00,19.897739656600002
2014-04-06 01:55:00,19.335106388299998
2014-04-06 02:00:00,20.317253611199998
2014-04-06 02:05:00,21.5560024433
2014-04-06 02:10:00,20.277219937599998
2014-04-06 02:15:00,20.526889673299998
2014-04-06 02:20:00,20.0749913885
2014-04-06 02:25:00,18.204662025799998
2014-04-06 02:30:00,18.9314342275
2014-04-06 02:35:00,19.9680069177
2014-04-06 02:40:00,19.240941135
2014-04-06 02:45:00,18.727054391
2014-04-06 02:50:00,20.0165313677
2014-04-06 02:55:00,19.2912391738
2014-04-06 03:00:00,19.0324305727
2014-04-06 03:05:00,19.8559416698
2014-04-06 03:10:00,18.5331370323
2014-04-06 03:15:00,21.7109829323
2014-04-06 03:20:00,21.4708083917
2014-04-06 03:25:00,20.830482343
2014-04-06 03:30:00,18.424855310399998
2014-04-06 03:35:00,21.1035090179
2014-04-06 03:40:00,21.2318293124
2014-04-06 03:45:00,21.0710584709
2014-04-06 03:50:00,18.455863548499998
2014-04-06 03:55:00,20.5756318283
2014-04-06 04:00:00,21.337299183
2014-04-06 04:05:00,20.3094136049
2014-04-06 04:10:00,20.585629500899998
2014-04-06 04:15:00,19.833453917699998
2014-04-06 04:20:00,20.1148292795
2014-04-06 04:25:00,18.1375074334
2014-04-06 04:30:00,20.5558520879
2014-04-06 04:35:00,18.325788851600002
2014-04-06 04:40:00,19.7400583774
2014-04-06 04:45:00,19.170620390699998
2014-04-06 04:50:00,20.1817118008
2014-04-06 04:55:00,18.5336653421
2014-04-06 05:00:00,20.7665736079
2014-04-06 05:05:00,21.1800461477
2014-04-06 05:10:00,18.653417799
2014-04-06 05:15:00,18.4172523494
2014-04-06 05:20:00,18.5820619311
2014-04-06 05:25:00,21.508510247600004
2014-04-06 05:30:00,20.112757047
2014-04-06 05:35:00,19.869043984
2014-04-06 05:40:00,18.4268472764
2014-04-06 05:45:00,20.598224027
2014-04-06 05:50:00,21.4719983676
2014-04-06 05:55:00,21.3127434773
2014-04-06 06:00:00,20.504218835899998
2014-04-06 06:05:00,18.301114866600003
2014-04-06 06:10:00,18.4495881087
2014-04-06 06:15:00,18.1972359484
2014-04-06 06:20:00,19.029916866
2014-04-06 06:25:00,18.542645868599998
2014-04-06 06:30:00,19.040192161
2014-04-06 06:35:00,19.5402322229
2014-04-06 06:40:00,21.7719311363
2014-04-06 06:45:00,20.441504239100002
2014-04-06 06:50:00,21.3398951427
2014-04-06 06:55:00,20.8414060028
2014-04-06 07:00:00,18.4500125221
2014-04-06 07:05:00,20.9436816255
2014-04-06 07:10:00,19.1003955262
2014-04-06 07:15:00,20.556431388
2014-04-06 07:20:00,19.3638478946
2014-04-06 07:25:00,21.9906890531
2014-04-06 07:30:00,19.054205918
2014-04-06 07:35:00,19.1165218831
2014-04-06 07:40:00,21.722689022199997
2014-04-06 07:45:00,18.0985776185
2014-04-06 07:50:00,20.7867559515
2014-04-06 07:55:00,20.9013055629
2014-04-06 08:00:00,21.3455143096
2014-04-06 08:05:00,21.8977572426
2014-04-06 08:10:00,21.9024076766
2014-04-06 08:15:00,18.2611070303
2014-04-06 08:20:00,21.287357291
2014-04-06 08:25:00,20.585239734600002
2014-04-06 08:30:00,20.5893685375
2014-04-06 08:35:00,18.5133997065
2014-04-06 08:40:00,20.600748665799998
2014-04-06 08:45:00,21.929930322399997
2014-04-06 08:50:00,21.6472742782
2014-04-06 08:55:00,19.7565226432
2014-04-06 09:00:00,61.7432924367
2014-04-06 09:05:00,66.12719146399999
2014-04-06 09:10:00,72.43890823779999
2014-04-06 09:15:00,70.7403877799
2014-04-06 09:20:00,67.4470737161
2014-04-06 09:25:00,61.949380878199996
2014-04-06 09:30:00,67.0057682984
2014-04-06 09:35:00,67.5787391802
2014-04-06 09:40:00,73.8283552474
2014-04-06 09:45:00,69.9187710087
2014-04-06 09:50:00,65.4384796665
2014-04-06 09:55:00,68.34432839649999
2014-04-06 10:00:00,70.8651783774
2014-04-06 10:05:00,84.9342590173
2014-04-06 10:10:00,75.428129678
2014-04-06 10:15:00,77.2565013483
2014-04-06 10:20:00,75.35400728020001
2014-04-06 10:25:00,80.4325820514
2014-04-06 10:30:00,80.1178430973
2014-04-06 10:35:00,80.94180225939999
2014-04-06 10:40:00,74.0015829236
2014-04-06 10:45:00,74.7391748277
2014-04-06 10:50:00,71.7838991066
2014-04-06 10:55:00,80.0135147631
2014-04-06 11:00:00,72.2009335131
2014-04-06 11:05:00,81.0735398642
2014-04-06 11:10:00,85.39964335270001
2014-04-06 11:15:00,85.73579448640001
2014-04-06 11:20:00,78.7094965409
2014-04-06 11:25:00,78.8727658573
2014-04-06 11:30:00,72.7921178866
2014-04-06 11:35:00,82.2358469646
2014-04-06 11:40:00,84.6293098216
2014-04-06 11:45:00,75.4589939884
2014-04-06 11:50:00,78.2683692215
2014-04-06 11:55:00,84.9089008119
2014-04-06 12:00:00,85.93068676959999
2014-04-06 12:05:00,75.7998106286
2014-04-06 12:10:00,80.7121591965
2014-04-06 12:15:00,74.98979454170002
2014-04-06 12:20:00,73.541704154
2014-04-06 12:25:00,86.4740345086
2014-04-06 12:30:00,85.0259663236
2014-04-06 12:35:00,84.0595657587
2014-04-06 12:40:00,72.69292478770001
2014-04-06 12:45:00,85.3970610905
2014-04-06 12:50:00,78.9138947682
2014-04-06 12:55:00,77.3853479864
2014-04-06 13:00:00,80.7242433072
2014-04-06 13:05:00,73.4440210871
2014-04-06 13:10:00,84.0861592669
2014-04-06 13:15:00,81.2994446795
2014-04-06 13:20:00,74.967445044
2014-04-06 13:25:00,74.9937123847
2014-04-06 13:30:00,74.92999091029999
2014-04-06 13:35:00,72.8945393117
2014-04-06 13:40:00,81.3852380439
2014-04-06 13:45:00,85.42506390439999
2014-04-06 13:50:00,72.2626242307
2014-04-06 13:55:00,72.7666061417
2014-04-06 14:00:00,81.1604285394
2014-04-06 14:05:00,85.1078455935
2014-04-06 14:10:00,77.2241153136
2014-04-06 14:15:00,77.5901058771
2014-04-06 14:20:00,81.5376299658
2014-04-06 14:25:00,76.3837396305
2014-04-06 14:30:00,72.422257422
2014-04-06 14:35:00,83.7596356341
2014-04-06 14:40:00,82.0064621079
2014-04-06 14:45:00,81.2881939643
2014-04-06 14:50:00,83.8629204505
2014-04-06 14:55:00,82.7997188237
2014-04-06 15:00:00,75.2933889874
2014-04-06 15:05:00,77.63895141
2014-04-06 15:10:00,74.0170516963
2014-04-06 15:15:00,74.0770010686
2014-04-06 15:20:00,82.818336878
2014-04-06 15:25:00,85.7367786307
2014-04-06 15:30:00,87.40288226610001
2014-04-06 15:35:00,82.0527661667
2014-04-06 15:40:00,74.9449016958
2014-04-06 15:45:00,73.6896980993
2014-04-06 15:50:00,85.0047994907
2014-04-06 15:55:00,81.2593235248
2014-04-06 16:00:00,81.8924031025
2014-04-06 16:05:00,84.5032311736
2014-04-06 16:10:00,83.252275799
2014-04-06 16:15:00,85.3511681711
2014-04-06 16:20:00,72.89928252050001
2014-04-06 16:25:00,83.9601689841
2014-04-06 16:30:00,85.613479739
2014-04-06 16:35:00,76.5780136493
2014-04-06 16:40:00,82.2469984694
2014-04-06 16:45:00,77.0264451303
2014-04-06 16:50:00,87.3273693948
2014-04-06 16:55:00,72.5346378922
2014-04-06 17:00:00,81.2766542911
2014-04-06 17:05:00,74.6640280818
2014-04-06 17:10:00,83.395491259
2014-04-06 17:15:00,74.814215806
2014-04-06 17:20:00,75.7661030962
2014-04-06 17:25:00,79.9099022913
2014-04-06 17:30:00,86.63732593120001
2014-04-06 17:35:00,75.3874010056
2014-04-06 17:40:00,74.3078118037
2014-04-06 17:45:00,84.1435969985
2014-04-06 17:50:00,80.0098817935
2014-04-06 17:55:00,86.5885285481
2014-04-06 18:00:00,29.738327456100002
2014-04-06 18:05:00,32.933932192
2014-04-06 18:10:00,30.2904207196
2014-04-06 18:15:00,29.80326102110001
2014-04-06 18:20:00,33.1739418876
2014-04-06 18:25:00,32.5995753083
2014-04-06 18:30:00,33.6308892764
2014-04-06 18:35:00,30.7805545794
2014-04-06 18:40:00,31.6670125208
2014-04-06 18:45:00,31.3950127007
2014-04-06 18:50:00,35.0981658305
2014-04-06 18:55:00,30.670387434400002
2014-04-06 19:00:00,21.4807800494
2014-04-06 19:05:00,21.7483747825
2014-04-06 19:10:00,22.689380239499997
2014-04-06 19:15:00,21.290404726400002
2014-04-06 19:20:00,24.260497601999997
2014-04-06 19:25:00,21.3502701594
2014-04-06 19:30:00,24.17325315130001
2014-04-06 19:35:00,20.6235671538
2014-04-06 19:40:00,23.1013996395
2014-04-06 19:45:00,24.2232937938
2014-04-06 19:50:00,20.9159963366
2014-04-06 19:55:00,24.4981034373
2014-04-06 20:00:00,20.2870100008
2014-04-06 20:05:00,22.3056488165
2014-04-06 20:10:00,21.2042546443
2014-04-06 20:15:00,19.667299583
2014-04-06 20:20:00,19.2032869116
2014-04-06 20:25:00,19.6760985132
2014-04-06 20:30:00,18.8129990826
2014-04-06 20:35:00,19.0212829619
2014-04-06 20:40:00,18.8606889373
2014-04-06 20:45:00,20.1643765132
2014-04-06 20:50:00,21.6906887689
2014-04-06 20:55:00,19.0111068099
2014-04-06 21:00:00,18.6101838395
2014-04-06 21:05:00,20.6724695833
2014-04-06 21:10:00,18.878917795
2014-04-06 21:15:00,18.47871422
2014-04-06 21:20:00,18.7569977596
2014-04-06 21:25:00,21.799061173000002
2014-04-06 21:30:00,21.3880572068
2014-04-06 21:35:00,19.5094562413
2014-04-06 21:40:00,20.7222747774
2014-04-06 21:45:00,20.2458183381
2014-04-06 21:50:00,20.8078977889
2014-04-06 21:55:00,20.830191845
2014-04-06 22:00:00,20.5346303888
2014-04-06 22:05:00,19.082707294000002
2014-04-06 22:10:00,18.1734554588
2014-04-06 22:15:00,19.8412964947
2014-04-06 22:20:00,21.5845968679
2014-04-06 22:25:00,20.2974558936
2014-04-06 22:30:00,21.3500405379
2014-04-06 22:35:00,21.9875851985
2014-04-06 22:40:00,18.672373093599997
2014-04-06 22:45:00,20.7870469725
2014-04-06 22:50:00,20.717043572
2014-04-06 22:55:00,21.9408648076
2014-04-06 23:00:00,21.946615875
2014-04-06 23:05:00,20.750697814000002
2014-04-06 23:10:00,18.9781022622
2014-04-06 23:15:00,21.1982926413
2014-04-06 23:20:00,18.4316547334
2014-04-06 23:25:00,21.1268527917
2014-04-06 23:30:00,21.644939525100003
2014-04-06 23:35:00,19.5350835932
2014-04-06 23:40:00,20.5264815058
2014-04-06 23:45:00,19.724357276099997
2014-04-06 23:50:00,19.754852421600003
2014-04-06 23:55:00,19.2451779194
2014-04-07 00:00:00,21.048518481800002
2014-04-07 00:05:00,21.744706256700002
2014-04-07 00:10:00,21.7630034369
2014-04-07 00:15:00,18.6991251395
2014-04-07 00:20:00,21.4989745986
2014-04-07 00:25:00,20.9497257657
2014-04-07 00:30:00,19.0113496028
2014-04-07 00:35:00,18.2691384517
2014-04-07 00:40:00,19.0719890675
2014-04-07 00:45:00,21.6488329471
2014-04-07 00:50:00,20.5327146996
2014-04-07 00:55:00,20.8842186436
2014-04-07 01:00:00,19.0286094044
2014-04-07 01:05:00,20.8775526223
2014-04-07 01:10:00,18.1124860251
2014-04-07 01:15:00,19.5012853831
2014-04-07 01:20:00,20.5070133942
2014-04-07 01:25:00,18.5843862622
2014-04-07 01:30:00,21.292014297799998
2014-04-07 01:35:00,18.9401251952
2014-04-07 01:40:00,20.6091244513
2014-04-07 01:45:00,19.6207885703
2014-04-07 01:50:00,20.3841743819
2014-04-07 01:55:00,18.4298022105
2014-04-07 02:00:00,18.067651199700002
2014-04-07 02:05:00,21.6382577095
2014-04-07 02:10:00,19.0785200351
2014-04-07 02:15:00,21.278708011099997
2014-04-07 02:20:00,21.9974012019
2014-04-07 02:25:00,18.845725032
2014-04-07 02:30:00,19.0606829647
2014-04-07 02:35:00,20.6514391505
2014-04-07 02:40:00,21.8617945384
2014-04-07 02:45:00,21.663257392800002
2014-04-07 02:50:00,20.0115020803
2014-04-07 02:55:00,21.1804411301
2014-04-07 03:00:00,18.5429834124
2014-04-07 03:05:00,21.909752736799998
2014-04-07 03:10:00,21.8574129361
2014-04-07 03:15:00,18.654915831500002
2014-04-07 03:20:00,19.197692499200002
2014-04-07 03:25:00,18.40061999
2014-04-07 03:30:00,19.0868703956
2014-04-07 03:35:00,21.2638231577
2014-04-07 03:40:00,19.5132624287
2014-04-07 03:45:00,18.3535878686
2014-04-07 03:50:00,19.3689020991
2014-04-07 03:55:00,21.925533336999997
2014-04-07 04:00:00,20.518734380999998
2014-04-07 04:05:00,19.6646437856
2014-04-07 04:10:00,18.666154054
2014-04-07 04:15:00,21.944707189099997
2014-04-07 04:20:00,21.2833960371
2014-04-07 04:25:00,19.1259092098
2014-04-07 04:30:00,18.2802747829
2014-04-07 04:35:00,18.2265022295
2014-04-07 04:40:00,18.481512598
2014-04-07 04:45:00,20.3230743345
2014-04-07 04:50:00,21.7150536848
2014-04-07 04:55:00,19.986973712
2014-04-07 05:00:00,21.3717819298
2014-04-07 05:05:00,19.7835464794
2014-04-07 05:10:00,20.8343341831
2014-04-07 05:15:00,20.9274909491
2014-04-07 05:20:00,18.695854823599998
2014-04-07 05:25:00,19.4448642359
2014-04-07 05:30:00,20.5492086262
2014-04-07 05:35:00,18.2827864327
2014-04-07 05:40:00,19.4461607511
2014-04-07 05:45:00,20.1391978651
2014-04-07 05:50:00,21.9848979722
2014-04-07 05:55:00,19.8981342505
2014-04-07 06:00:00,21.2642270285
2014-04-07 06:05:00,19.7282691403
2014-04-07 06:10:00,21.185562890499998
2014-04-07 06:15:00,20.3816592065
2014-04-07 06:20:00,21.546381766
2014-04-07 06:25:00,19.6437702094
2014-04-07 06:30:00,20.417217679300002
2014-04-07 06:35:00,20.5200747225
2014-04-07 06:40:00,19.6695317672
2014-04-07 06:45:00,18.5772481748
2014-04-07 06:50:00,18.3742376276
2014-04-07 06:55:00,18.0666862024
2014-04-07 07:00:00,21.494137057
2014-04-07 07:05:00,18.945899649
2014-04-07 07:10:00,18.8460269971
2014-04-07 07:15:00,20.9441416017
2014-04-07 07:20:00,19.2800644523
2014-04-07 07:25:00,20.0241787696
2014-04-07 07:30:00,18.650044261199998
2014-04-07 07:35:00,21.8389828858
2014-04-07 07:40:00,21.4063256001
2014-04-07 07:45:00,21.4551584919
2014-04-07 07:50:00,19.627094994300002
2014-04-07 07:55:00,21.0494448548
2014-04-07 08:00:00,18.5755046216
2014-04-07 08:05:00,18.0344760104
2014-04-07 08:10:00,18.079891730299998
2014-04-07 08:15:00,20.3464069496
2014-04-07 08:20:00,19.821579620999998
2014-04-07 08:25:00,20.0720613956
2014-04-07 08:30:00,18.0298525617
2014-04-07 08:35:00,19.690746478599998
2014-04-07 08:40:00,20.8722726448
2014-04-07 08:45:00,19.7707748079
2014-04-07 08:50:00,20.9288768252
2014-04-07 08:55:00,18.9320758576
2014-04-07 09:00:00,72.25873126100001
2014-04-07 09:05:00,69.20266487020001
2014-04-07 09:10:00,64.0663781522
2014-04-07 09:15:00,64.4193984716
2014-04-07 09:20:00,69.7412143181
2014-04-07 09:25:00,72.4871784677
2014-04-07 09:30:00,66.8525378356
2014-04-07 09:35:00,64.7128858361
2014-04-07 09:40:00,72.991357854
2014-04-07 09:45:00,70.3020487678
2014-04-07 09:50:00,67.293962627
2014-04-07 09:55:00,67.8354426558
2014-04-07 10:00:00,73.0100603824
2014-04-07 10:05:00,79.5679768186
2014-04-07 10:10:00,75.40768376359999
2014-04-07 10:15:00,85.292413142
2014-04-07 10:20:00,77.2924481569
2014-04-07 10:25:00,77.38094460810001
2014-04-07 10:30:00,78.62201974060001
2014-04-07 10:35:00,84.0680531684
2014-04-07 10:40:00,82.2686969098
2014-04-07 10:45:00,76.8415386833
2014-04-07 10:50:00,80.9942126079
2014-04-07 10:55:00,78.9383749411
2014-04-07 11:00:00,79.3986055425
2014-04-07 11:05:00,74.6265900504
2014-04-07 11:10:00,78.946442334
2014-04-07 11:15:00,75.477498808
2014-04-07 11:20:00,86.1176495512
2014-04-07 11:25:00,76.9023099618
2014-04-07 11:30:00,86.71280688709999
2014-04-07 11:35:00,80.0457113337
2014-04-07 11:40:00,81.6120817985
2014-04-07 11:45:00,80.2029248292
2014-04-07 11:50:00,73.6256693322
2014-04-07 11:55:00,77.5450606671
2014-04-07 12:00:00,73.49803419109999
2014-04-07 12:05:00,81.86890398930001
2014-04-07 12:10:00,79.0550071387
2014-04-07 12:15:00,84.3464222337
2014-04-07 12:20:00,75.4368946628
2014-04-07 12:25:00,74.5434972665
2014-04-07 12:30:00,78.4071141166
2014-04-07 12:35:00,86.72117569209999
2014-04-07 12:40:00,83.2667089414
2014-04-07 12:45:00,78.60833466310001
2014-04-07 12:50:00,80.1800230904
2014-04-07 12:55:00,73.25939128899999
2014-04-07 13:00:00,87.73215357059998
2014-04-07 13:05:00,82.64267787109999
2014-04-07 13:10:00,76.5480891438
2014-04-07 13:15:00,81.3534048032
2014-04-07 13:20:00,73.73401744479999
2014-04-07 13:25:00,87.4323978881
2014-04-07 13:30:00,74.7786086318
2014-04-07 13:35:00,82.3487166525
2014-04-07 13:40:00,75.9090488555
2014-04-07 13:45:00,83.4609466867
2014-04-07 13:50:00,84.4088788818
2014-04-07 13:55:00,82.7548497308
2014-04-07 14:00:00,81.8280634285
2014-04-07 14:05:00,86.27536408700001
2014-04-07 14:10:00,73.25451099050001
2014-04-07 14:15:00,77.2909261099
2014-04-07 14:20:00,75.9689529893
2014-04-07 14:25:00,87.8040085983
2014-04-07 14:30:00,78.2264814233
2014-04-07 14:35:00,83.7177845413
2014-04-07 14:40:00,82.9516207532
2014-04-07 14:45:00,75.3896809212
2014-04-07 14:50:00,75.8203233332
2014-04-07 14:55:00,76.4968809903
2014-04-07 15:00:00,78.577282103
2014-04-07 15:05:00,75.7484738581
2014-04-07 15:10:00,72.3137295055
2014-04-07 15:15:00,86.06946263409998
2014-04-07 15:20:00,87.44891778440002
2014-04-07 15:25:00,77.46438252729999
2014-04-07 15:30:00,77.4153668762
2014-04-07 15:35:00,72.1127767151
2014-04-07 15:40:00,82.8832153268
2014-04-07 15:45:00,85.2062203444
2014-04-07 15:50:00,74.3450190867
2014-04-07 15:55:00,74.5539458651
2014-04-07 16:00:00,84.64116948819999
2014-04-07 16:05:00,81.8604948012
2014-04-07 16:10:00,72.7176293039
2014-04-07 16:15:00,81.96059448279999
2014-04-07 16:20:00,76.9425358355
2014-04-07 16:25:00,77.89945292029999
2014-04-07 16:30:00,84.3155408066
2014-04-07 16:35:00,84.9747999308
2014-04-07 16:40:00,78.4055554905
2014-04-07 16:45:00,87.15427963959999
2014-04-07 16:50:00,78.5032527607
2014-04-07 16:55:00,84.3492146129
2014-04-07 17:00:00,79.7420056121
2014-04-07 17:05:00,86.36048406190002
2014-04-07 17:10:00,86.52414667309998
2014-04-07 17:15:00,73.3986407408
2014-04-07 17:20:00,86.9838598991
2014-04-07 17:25:00,85.2085247442
2014-04-07 17:30:00,84.6609389192
2014-04-07 17:35:00,75.2145525526
2014-04-07 17:40:00,84.8818747454
2014-04-07 17:45:00,85.6020908837
2014-04-07 17:50:00,76.6263759267
2014-04-07 17:55:00,87.2361277551
2014-04-07 18:00:00,29.1190993461
2014-04-07 18:05:00,29.759413506999998
2014-04-07 18:10:00,32.240513093400004
2014-04-07 18:15:00,32.485065578000004
2014-04-07 18:20:00,32.9289542108
2014-04-07 18:25:00,28.908596877199997
2014-04-07 18:30:00,34.9463406479
2014-04-07 18:35:00,29.085358209099997
2014-04-07 18:40:00,29.715590791999997
2014-04-07 18:45:00,28.889687365300002
2014-04-07 18:50:00,32.4278877469
2014-04-07 18:55:00,34.7665013819
2014-04-07 19:00:00,23.143442034499998
2014-04-07 19:05:00,23.845504150700002
2014-04-07 19:10:00,20.2194986823
2014-04-07 19:15:00,22.588227298099998
2014-04-07 19:20:00,22.218840920399998
2014-04-07 19:25:00,22.395375161599997
2014-04-07 19:30:00,20.483513946600002
2014-04-07 19:35:00,23.226269143499998
2014-04-07 19:40:00,22.414426229
2014-04-07 19:45:00,23.5878655534
2014-04-07 19:50:00,22.3341008154
2014-04-07 19:55:00,20.8292285877
2014-04-07 20:00:00,21.0872602309
2014-04-07 20:05:00,19.1380943095
2014-04-07 20:10:00,22.0053278674
2014-04-07 20:15:00,20.9433238639
2014-04-07 20:20:00,19.0759068781
2014-04-07 20:25:00,22.373736415
2014-04-07 20:30:00,20.5552246912
2014-04-07 20:35:00,18.7305918341
2014-04-07 20:40:00,20.9995073245
2014-04-07 20:45:00,19.4691024895
2014-04-07 20:50:00,21.723928118200003
2014-04-07 20:55:00,21.7817989519
2014-04-07 21:00:00,22.020985158800002
2014-04-07 21:05:00,20.1035139699
2014-04-07 21:10:00,19.9149626423
2014-04-07 21:15:00,21.1147691018
2014-04-07 21:20:00,18.6188260164
2014-04-07 21:25:00,20.2845627834
2014-04-07 21:30:00,20.2818783048
2014-04-07 21:35:00,18.4460103301
2014-04-07 21:40:00,19.7663615881
2014-04-07 21:45:00,21.5159222098
2014-04-07 21:50:00,21.527452584899997
2014-04-07 21:55:00,18.4852559776
2014-04-07 22:00:00,18.3805118902
2014-04-07 22:05:00,19.069070649300002
2014-04-07 22:10:00,21.5197033413
2014-04-07 22:15:00,18.5333853171
2014-04-07 22:20:00,20.900031988
2014-04-07 22:25:00,18.4223309454
2014-04-07 22:30:00,20.5122242543
2014-04-07 22:35:00,19.4429164854
2014-04-07 22:40:00,21.175965271099997
2014-04-07 22:45:00,18.9529391573
2014-04-07 22:50:00,20.5765418425
2014-04-07 22:55:00,18.9609151499
2014-04-07 23:00:00,20.8586452215
2014-04-07 23:05:00,21.4988391209
2014-04-07 23:10:00,18.510760578499998
2014-04-07 23:15:00,21.470504297799998
2014-04-07 23:20:00,20.3782128814
2014-04-07 23:25:00,18.5119955825
2014-04-07 23:30:00,19.7139517716
2014-04-07 23:35:00,18.6470207128
2014-04-07 23:40:00,20.8053854206
2014-04-07 23:45:00,21.0395113463
2014-04-07 23:50:00,18.426723330999998
2014-04-07 23:55:00,20.0284041242
